{
  "kind": "collectionType",
  "collectionName": "journeys",
  "info": {
    "singularName": "journey",
    "pluralName": "journeys",
    "displayName": "Journey"
  },
  "options": {
    "draftAndPublish": true
  },
  "pluginOptions": {},
  "attributes": {
    "name": {
      "type": "string",
      "required": true,
      "unique": true
    },
    "slug": {
      "type": "string",
      "required": true,
      "unique": true
    },
    "pages": {
      "type": "relation",
      "relation": "manyToMany",
      "target": "api::page.page",
      "inversedBy": "journeys"
    }
  }
}
