{
  "kind": "collectionType",
  "collectionName": "forms",
  "info": {
    "singularName": "form",
    "pluralName": "forms",
    "displayName": "Form"
  },
  "options": {
    "draftAndPublish": true
  },
  "pluginOptions": {},
  "attributes": {
    "name": {
      "type": "string",
      "required": true,
      "unique": true
    },
    "title": {
      "type": "string"
    },
    "steps": {
      "type": "relation",
      "relation": "manyToMany",
      "target": "api::step.step",
      "inversedBy": "forms"
    },
    "fields": {
      "type": "dynamiczone",
      "components": [
        "form.input",
        "form.mobile",
        "form.email",
        "form.dropdown",
        "form.file-upload",
        "form.array-form"
      ]
    }
  }
}
